Url,https://wiki.apache.org/couchdb/How_to_make_filesystem_backups,Title,How_to_make_filesystem_backups - Couchdb Wiki
Url,https://wiki.apache.org/couchdb/How-To_Guides#Administration,Title,How-To_Guides - Couchdb Wiki
Url,https://wiki.apache.org/couchdb/HackingFuton,Title,HackingFuton - Couchdb Wiki
Url,https://wiki.apache.org/couchdb/How-To_Guides#Reverse_Proxies.2C_Virtual_Hosting.2C_Rewrites,Title,How-To_Guides - Couchdb Wiki
Url,https://wiki.apache.org/couchdb/Apache_As_a_Reverse_Proxy,Title,Apache_As_a_Reverse_Proxy - Couchdb Wiki
Url,https://wiki.apache.org/couchdb/Nginx_As_a_Reverse_Proxy,Title,Nginx_As_a_Reverse_Proxy - Couchdb Wiki
Url,https://wiki.apache.org/couchdb/How-To_Guides,Title,How-To_Guides - Couchdb Wiki
Url,https://wiki.apache.org/couchdb/How_to_replicate_a_database,Title,How_to_replicate_a_database - Couchdb Wiki
Url,http://stackoverflow.com/questions/29622231/local-to-remote-replication-times-out-or-replicates-only-few-documents-couchdb,Title,curl - Local-to-remote replication times out or replicates only few documents CouchDb - Stack Overflow
Url,https://www.reddit.com/r/Bitcoin/comments/4xuxy1/nsa_hacked_hackers_asking_for_1_million_btc_to/?st=iry0dq5l&sh=1a8ca756,Title,NSA hacked! Hackers asking for 1 Million BTC to release dump. ,Bitcoin
Url,https://www.reddit.com/r/pwned,Title,pwned
Url,http://corebell.ole.org:5995/_utils/index.html,Title,Apache CouchDB - Futon,Overview
Url,https://www.google.com/search?q=couchdb+replicate+curl&oq=couchdb+replicate+curl&aqs=chrome..69i57j0.3093j0j7&sourceid=chrome&ie=UTF-8,Title,couchdb replicate curl - Google Search
Url,http://download.ole.org/.qa/.content/,Title,Index of /.qa/.content
Url,https://github.com/dogi/ole--rpi-bells/blob/master/qa/2nations-autorunonce.sh,Title,ole--rpi-bells/2nations-autorunonce.sh at master · dogi/ole--rpi-bells
Url,https://mega.nz/#!zEAU1AQL!oWJ63n-D6lCuCQ4AY0Cv_405hX8kn7MEsa1iLH5UjKU,Title,MEGA
Url,https://xorcatt.wordpress.com/2016/08/16/equationgroup-tool-leak-extrabacon-demo/,Title,EquationGroup Tool Leak – ExtraBacon Demo – XORcat
Url,https://hangouts.google.com/,Title,Google Hangouts
Url,http://localhost:5984/_utils/replicator.html,Title,Apache CouchDB - Futon,Replicator
Url,http://newsyria.ole.org:5998/_utils/document.html?resources/c5f930aa1c8736924222456d3500438d,Title,Apache CouchDB - Futon,View Document
Url,https://drive.google.com/drive/shared-with-me,Title,Shared with me - Google Drive
